Rank,Symbol,Weight (%)
1,AAPL,6.92
2,NVDA,5.93
3,MSFT,5.84
4,AMZN,4.25
5,GOOGL,4.23
6,META,2.66
7,TSLA,2.43
8,AVGO,1.86
9,BRK-B,1.76
10,WMT,1.33
11,LLY,1.24
12,JPM,1.2
13,V,1.11
14,MA,0.87
15,ORCL,0.85
16,XOM,0.84
17,UNH,0.83
18,COST,0.76
19,PG,0.71
20,HD,0.7
21,NFLX,0.7
22,JNJ,0.63
23,BAC,0.61
24,CRM,0.59
25,ABBV,0.56
26,KO,0.48
27,TMUS,0.46
28,CVX,0.46
29,MRK,0.45
30,WFC,0.42
31,CSCO,0.42
32,ACN,0.41
33,NOW,0.41
34,AXP,0.38
35,MCD,0.38
36,PEP,0.38
37,BX,0.37
38,IBM,0.37
39,DIS,0.36
40,LIN,0.36
41,TMO,0.36
42,MS,0.36
43,ABT,0.36
44,ADBE,0.35
45,AMD,0.35
46,PM,0.35
47,ISRG,0.34
48,PLTR,0.33
49,GE,0.33
50,INTU,0.32
