Date,fold,actual,pred,VIX
2024-01-02,2024,-0.0080163149227308,0.0003738365206863471,13.199999809265137
2024-01-03,2024,-0.003428381297357,0.0003738365206863471,14.039999961853027
2024-01-04,2024,0.0018256861788026,0.0003738365206863471,14.130000114440918
2024-01-05,2024,0.0141146293098466,0.0003738365206863471,13.350000381469728
2024-01-08,2024,-0.0014779006799081,0.0003738365206863471,13.079999923706056
2024-01-09,2024,0.0056659718937244,0.0003738365206863471,12.760000228881836
2024-01-10,2024,-0.0006710555783868,0.0003738365206863471,12.6899995803833
2024-01-11,2024,0.0007509755941104,0.0003738365206863471,12.4399995803833
2024-01-12,2024,-0.0037313402367431,0.0003738365206863471,12.699999809265137
2024-01-16,2024,-0.0056168971839904,0.0003738365206863471,13.84000015258789
2024-01-17,2024,0.008805260963896,0.0003738365206863471,14.789999961853027
2024-01-18,2024,0.0123135027649361,0.0003738365206863471,14.130000114440918
2024-01-19,2024,0.002194325202627,0.0003738365206863471,13.300000190734863
2024-01-22,2024,0.002921374261968,0.0003738365206863471,13.1899995803833
2024-01-23,2024,0.0008119284117831,0.0003738365206863471,12.550000190734863
2024-01-24,2024,0.0052603655277063,0.0003738365206863471,13.140000343322754
2024-01-25,2024,-0.0006517852510764,0.0003738365206863471,13.449999809265137
2024-01-26,2024,0.0075567748961808,0.0003738365206863471,13.260000228881836
2024-01-29,2024,-0.0006006499345398,0.0003738365206863471,13.600000381469728
2024-01-30,2024,-0.0161057446115979,0.0003738365206863471,13.3100004196167
2024-01-31,2024,0.0124936882116097,0.0003738365206863471,14.350000381469728
2024-02-01,2024,0.0106844460775146,0.0003738365206863471,13.880000114440918
2024-02-02,2024,-0.0031863375266721,0.0003738365206863471,13.850000381469728
2024-02-05,2024,0.0023104108269635,0.0003738365206863471,13.670000076293944
2024-02-06,2024,0.00824145796339,0.0003738365206863471,13.0600004196167
2024-02-07,2024,0.0005705832608251,0.0003738365206863471,12.829999923706056
2024-02-08,2024,0.0057423415255595,0.0003738365206863471,12.789999961853027
2024-02-09,2024,-0.0009489536011326,0.0003738365206863471,12.93000030517578
2024-02-12,2024,-0.0136742556536254,0.0003738365206863471,13.93000030517578
2024-02-13,2024,0.0095797632750176,0.0003738365206863471,15.850000381469728
2024-02-14,2024,0.0058212506847294,0.0003738365206863471,14.380000114440918
2024-02-15,2024,-0.0048034698371121,0.0003738365206863471,14.010000228881836
2024-02-16,2024,-0.0060053220011653,0.0003738365206863471,14.239999771118164
2024-02-20,2024,0.0012641999229821,0.0003738365206863471,15.420000076293944
2024-02-21,2024,0.021122884217414,0.0003738365206863471,15.34000015258789
2024-02-22,2024,0.0003479475462115,0.0003738365206863471,14.539999961853027
2024-02-23,2024,-0.0037867513501905,0.0003738365206863471,13.75
2024-02-26,2024,0.0017063496993998,0.0003738365206863471,13.739999771118164
2024-02-27,2024,-0.0016581550604305,0.0003738365206863471,13.43000030517578
2024-02-28,2024,0.0052290946971491,0.0003738365206863471,13.84000015258789
2024-02-29,2024,0.0080078289488876,0.0003738365206863471,13.399999618530272
2024-03-01,2024,-0.0011932620709189,0.0003738365206863471,13.109999656677246
2024-03-04,2024,-0.0101931008834446,0.0003738365206863471,13.489999771118164
2024-03-05,2024,0.0051411032032746,0.0003738365206863471,14.460000038146973
2024-03-06,2024,0.0103041279259514,0.0003738365206863471,14.5
2024-03-07,2024,-0.0065285190034379,0.0003738365206863471,14.4399995803833
2024-03-08,2024,-0.0011222380873464,0.0003738365206863471,14.739999771118164
2024-03-11,2024,0.0112017879813663,0.0003738365206863471,15.220000267028809
2024-03-12,2024,-0.0019245297153407,0.0003738365206863471,13.84000015258789
2024-03-13,2024,-0.0028710915621273,0.0003738365206863471,13.75
2024-03-14,2024,-0.0064829174844615,0.0003738365206863471,14.399999618530272
2024-03-15,2024,0.0063180595049523,0.0003738365206863471,14.40999984741211
2024-03-18,2024,0.0056491496501236,0.0003738365206863471,14.329999923706056
2024-03-19,2024,0.0089041739128465,0.0003738365206863471,13.81999969482422
2024-03-20,2024,0.003236535401516,0.0003738365206863471,13.039999961853027
2024-03-21,2024,-0.0014021878490156,0.0003738365206863471,12.920000076293944
2024-03-22,2024,-0.0030549644525015,0.0003738365206863471,13.0600004196167
2024-03-25,2024,-0.0027997952250302,0.0003738365206863471,13.1899995803833
2024-03-26,2024,0.0086306265255329,0.0003738365206863471,13.239999771118164
2024-03-27,2024,0.001116485507179,0.0003738365206863471,12.779999732971191
2024-03-28,2024,-0.0020135845401164,0.0003738365206863471,13.010000228881836
2024-04-01,2024,-0.0072390590731691,0.0003738365206863471,13.649999618530272
2024-04-02,2024,0.0010911223646881,0.0003738365206863471,14.609999656677246
2024-04-03,2024,-0.0123343363503796,0.0003738365206863471,14.329999923706056
2024-04-04,2024,0.0110991941743316,0.0003738365206863471,16.350000381469727
2024-04-05,2024,-0.0003746309983179,0.0003738365206863471,16.030000686645508
2024-04-08,2024,0.0014454931932483,0.0003738365206863471,15.1899995803833
2024-04-09,2024,-0.0094569806491084,0.0003738365206863471,14.979999542236328
2024-04-10,2024,0.0074447977105855,0.0003738365206863471,15.800000190734863
2024-04-11,2024,-0.0145506882958016,0.0003738365206863471,14.90999984741211
2024-04-12,2024,-0.012021354947762,0.0003738365206863471,17.309999465942383
2024-04-15,2024,-0.0020565070133361,0.0003738365206863471,19.229999542236328
2024-04-16,2024,-0.0057806027246414,0.0003738365206863471,18.399999618530273
2024-04-17,2024,-0.0022081601199982,0.0003738365206863471,18.209999084472656
2024-04-18,2024,-0.0087585481274361,0.0003738365206863471,18.0
2024-04-19,2024,0.0087312480714667,0.0003738365206863471,18.709999084472656
2024-04-22,2024,0.0119645762708726,0.0003738365206863471,16.940000534057617
2024-04-23,2024,0.0002130100613548,0.0003738365206863471,15.6899995803833
2024-04-24,2024,-0.0045764303535156,0.0003738365206863471,15.970000267028809
2024-04-25,2024,0.010209142634743,0.0003738365206863471,15.369999885559082
2024-04-26,2024,0.0031784486665891,0.0003738365206863471,15.029999732971191
2024-04-29,2024,-0.0157305135868621,0.0003738365206863471,14.670000076293944
2024-04-30,2024,-0.003435438815494,0.0003738365206863471,15.649999618530272
2024-05-01,2024,0.009128437077573,0.0003738365206863471,15.390000343322754
2024-05-02,2024,0.0125567397214785,0.0003738365206863471,14.68000030517578
2024-05-03,2024,0.0103261239070118,0.0003738365206863471,13.489999771118164
2024-05-06,2024,0.001343429823275,0.0003738365206863471,13.489999771118164
2024-05-07,2024,-5.835618166138978e-06,0.0003738365206863471,13.229999542236328
2024-05-08,2024,0.0050909476986258,0.0003738365206863471,13.0
2024-05-09,2024,0.0016493988445498,0.0003738365206863471,12.6899995803833
2024-05-10,2024,-0.0002413040553572,0.0003738365206863471,12.550000190734863
2024-05-13,2024,0.0048378131397597,0.0003738365206863471,13.600000381469728
2024-05-14,2024,0.0117159278825962,0.0003738365206863471,13.420000076293944
2024-05-15,2024,-0.0020816677921287,0.0003738365206863471,12.449999809265137
2024-05-16,2024,0.0011647735102702,0.0003738365206863471,12.420000076293944
2024-05-17,2024,0.0009163899374069,0.0003738365206863471,11.989999771118164
2024-05-20,2024,0.0025018742439781,0.0003738365206863471,12.149999618530272
2024-05-21,2024,-0.0027061230392261,0.0003738365206863471,11.859999656677246
2024-05-22,2024,-0.0073807894850155,0.0003738365206863471,12.289999961853027
2024-05-23,2024,0.0070010425881694,0.0003738365206863471,12.770000457763672
2024-05-24,2024,0.000248801852934,0.0003738365206863471,11.93000030517578
2024-05-28,2024,-0.0073670465096804,0.0003738365206863471,12.920000076293944
2024-05-29,2024,-0.0059750355854433,0.0003738365206863471,14.279999732971191
2024-05-30,2024,0.0080278762048646,0.0003738365206863471,14.470000267028809
2024-05-31,2024,0.0011160825806737,0.0003738365206863471,12.920000076293944
2024-06-03,2024,0.0015028090913065,0.0003738365206863471,13.109999656677246
2024-06-04,2024,0.0118476497933313,0.0003738365206863471,13.15999984741211
2024-06-05,2024,-0.0001998166356331,0.0003738365206863471,12.630000114440918
2024-06-06,2024,-0.0011152197300303,0.0003738365206863471,12.579999923706056
2024-06-07,2024,0.0025808546645145,0.0003738365206863471,12.220000267028809
2024-06-10,2024,0.0027103813151374,0.0003738365206863471,12.739999771118164
2024-06-11,2024,0.0085036727919987,0.0003738365206863471,12.850000381469728
2024-06-12,2024,0.0023446558536817,0.0003738365206863471,12.039999961853027
2024-06-13,2024,-0.0003938606975009,0.0003738365206863471,11.9399995803833
2024-06-14,2024,0.0076643865645527,0.0003738365206863471,12.65999984741211
2024-06-17,2024,0.0025213273947457,0.0003738365206863471,12.75
2024-06-18,2024,-0.0025259318472709,0.0003738365206863471,12.300000190734863
2024-06-20,2024,-0.0015621303211011,0.0003738365206863471,13.279999732971191
2024-06-21,2024,-0.00306517189499,0.0003738365206863471,13.199999809265137
2024-06-24,2024,0.0039335900157368,0.0003738365206863471,13.329999923706056
2024-06-25,2024,0.0015724312002203,0.0003738365206863471,12.84000015258789
2024-06-26,2024,0.0009073212238914,0.0003738365206863471,12.550000190734863
2024-06-27,2024,-0.0040836525834456,0.0003738365206863471,12.239999771118164
2024-06-28,2024,0.0026755639309195,0.0003738365206863471,12.4399995803833
2024-07-01,2024,0.0061953178565135,0.0003738365206863471,12.220000267028809
2024-07-02,2024,0.005084444409779,0.0003738365206863471,12.029999732971191
2024-07-03,2024,0.0054487651784855,0.0003738365206863471,12.09000015258789
2024-07-05,2024,0.001016698964751,0.0003738365206863471,12.479999542236328
2024-07-08,2024,0.0007410719362856,0.0003738365206863471,12.369999885559082
2024-07-09,2024,0.0102080652935148,0.0003738365206863471,12.510000228881836
2024-07-10,2024,-0.0087630288411204,0.0003738365206863471,12.850000381469728
2024-07-11,2024,0.0055170270744306,0.0003738365206863471,12.920000076293944
2024-07-12,2024,0.0028262026252154,0.0003738365206863471,12.460000038146973
2024-07-15,2024,0.0063893754987431,0.0003738365206863471,13.119999885559082
2024-07-16,2024,-0.0139275432419937,0.0003738365206863471,13.1899995803833
2024-07-17,2024,-0.0078164039369225,0.0003738365206863471,14.479999542236328
2024-07-18,2024,-0.0071402655319269,0.0003738365206863471,15.93000030517578
2024-07-19,2024,0.0107920356494095,0.0003738365206863471,16.520000457763672
2024-07-22,2024,-0.0015581025897707,0.0003738365206863471,14.90999984741211
2024-07-23,2024,-0.0231490937547349,0.0003738365206863471,14.720000267028809
2024-07-24,2024,-0.0051426202378422,0.0003738365206863471,18.040000915527344
2024-07-25,2024,0.0110904687028463,0.0003738365206863471,18.459999084472656
2024-07-26,2024,0.0008133101292933,0.0003738365206863471,16.389999389648438
2024-07-29,2024,-0.0049601718780302,0.0003738365206863471,16.600000381469727
2024-07-30,2024,0.0157933986591674,0.0003738365206863471,17.690000534057617
2024-07-31,2024,-0.013693502993456,0.0003738365206863471,16.360000610351562
2024-08-01,2024,-0.0183818608686967,0.0003738365206863471,18.59000015258789
2024-08-02,2024,-0.0299687983886397,0.0003738365206863471,23.38999938964844
2024-08-05,2024,0.010354085880061,0.0003738365206863471,38.56999969482422
2024-08-06,2024,-0.0077346478585028,0.0003738365206863471,27.709999084472656
2024-08-07,2024,0.0230426115191364,0.0003738365206863471,27.850000381469727
2024-08-08,2024,0.0046716768495385,0.0003738365206863471,23.790000915527344
2024-08-09,2024,4.303397765514916e-05,0.0003738365206863471,20.3700008392334
2024-08-12,2024,0.0168475797535583,0.0003738365206863471,20.709999084472656
2024-08-13,2024,0.0038237284285767,0.0003738365206863471,18.1200008392334
2024-08-14,2024,0.0161332477643307,0.0003738365206863471,16.190000534057617
2024-08-15,2024,0.0019897793572614,0.0003738365206863471,15.229999542236328
2024-08-16,2024,0.0097222847369131,0.0003738365206863471,14.800000190734863
2024-08-19,2024,-0.0019845553982971,0.0003738365206863471,14.649999618530272
2024-08-20,2024,0.004239676828782,0.0003738365206863471,15.880000114440918
2024-08-21,2024,-0.0089328055481209,0.0003738365206863471,16.270000457763672
2024-08-22,2024,0.0114833708501191,0.0003738365206863471,17.549999237060547
2024-08-23,2024,-0.0031537266931381,0.0003738365206863471,15.859999656677246
2024-08-26,2024,0.001595196086545,0.0003738365206863471,16.149999618530273
2024-08-27,2024,-0.0059759732079761,0.0003738365206863471,15.43000030517578
2024-08-28,2024,-3.937906806072977e-05,0.0003738365206863471,17.110000610351562
2024-08-29,2024,0.0100930517744244,0.0003738365206863471,15.649999618530272
2024-08-30,2024,-0.0211510743977116,0.0003738365206863471,15.0
2024-09-03,2024,-0.0016025435809103,0.0003738365206863471,20.719999313354492
2024-09-04,2024,-0.0030180176155847,0.0003738365206863471,21.31999969482422
2024-09-05,2024,-0.0172602498592846,0.0003738365206863471,19.899999618530273
2024-09-06,2024,0.0115800702824842,0.0003738365206863471,22.3799991607666
2024-09-09,2024,0.0044726726528396,0.0003738365206863471,19.450000762939453
2024-09-10,2024,0.0106650258888965,0.0003738365206863471,19.079999923706055
2024-09-11,2024,0.0074953023589392,0.0003738365206863471,17.690000534057617
2024-09-12,2024,0.0054077114053645,0.0003738365206863471,17.06999969482422
2024-09-13,2024,0.0012566297656613,0.0003738365206863471,16.559999465942383
2024-09-16,2024,0.0002645500810987,0.0003738365206863471,17.139999389648438
2024-09-17,2024,-0.002896455862498,0.0003738365206863471,17.610000610351562
2024-09-18,2024,0.0169768531667633,0.0003738365206863471,18.229999542236328
2024-09-19,2024,-0.0019410273951238,0.0003738365206863471,16.329999923706055
2024-09-20,2024,0.0028092730585327,0.0003738365206863471,16.149999618530273
2024-09-23,2024,0.002511178844347,0.0003738365206863471,15.890000343322754
2024-09-24,2024,-0.0018612489301417,0.0003738365206863471,15.390000343322754
2024-09-25,2024,0.0040386757171231,0.0003738365206863471,15.40999984741211
2024-09-26,2024,-0.0012532169669905,0.0003738365206863471,15.369999885559082
2024-09-27,2024,0.0042365525811767,0.0003738365206863471,16.959999084472656
2024-09-30,2024,-0.0093241070946643,0.0003738365206863471,16.729999542236328
2024-10-01,2024,0.0001383909021239,0.0003738365206863471,19.260000228881836
2024-10-02,2024,-0.001681413492255,0.0003738365206863471,18.899999618530273
2024-10-03,2024,0.0089702493952743,0.0003738365206863471,20.489999771118164
2024-10-04,2024,-0.0095860221658826,0.0003738365206863471,19.209999084472656
2024-10-07,2024,0.0096893474955819,0.0003738365206863471,22.63999938964844
2024-10-08,2024,0.0071134119874882,0.0003738365206863471,21.420000076293945
2024-10-09,2024,-0.0020701228399899,0.0003738365206863471,20.86000061035156
2024-10-10,2024,0.0060518475879536,0.0003738365206863471,20.93000030517578
2024-10-11,2024,0.0077076668832223,0.0003738365206863471,20.459999084472656
2024-10-14,2024,-0.0076094663324381,0.0003738365206863471,19.700000762939453
2024-10-15,2024,0.0046791459565738,0.0003738365206863471,20.63999938964844
2024-10-16,2024,-0.0001711604789117,0.0003738365206863471,19.579999923706055
2024-10-17,2024,0.0039715527389487,0.0003738365206863471,19.11000061035156
2024-10-18,2024,-0.0018227694906369,0.0003738365206863471,18.030000686645508
2024-10-21,2024,-0.0004748538883844,0.0003738365206863471,18.3700008392334
2024-10-22,2024,-0.0091913234280693,0.0003738365206863471,18.200000762939453
2024-10-23,2024,0.0021457720113238,0.0003738365206863471,19.239999771118164
2024-10-24,2024,-0.0002994471699301,0.0003738365206863471,19.079999923706055
2024-10-25,2024,0.0026514435020339,0.0003738365206863471,20.329999923706055
2024-10-28,2024,0.0016141272481633,0.0003738365206863471,19.799999237060547
2024-10-29,2024,-0.0033002338893437,0.0003738365206863471,19.34000015258789
2024-10-30,2024,-0.0186147008716995,0.0003738365206863471,20.350000381469727
2024-10-31,2024,0.0040925095436261,0.0003738365206863471,23.15999984741211
2024-11-01,2024,-0.0028120834782999,0.0003738365206863471,21.8799991607666
2024-11-04,2024,0.0122656445452913,0.0003738365206863471,21.979999542236328
2024-11-05,2024,0.0252959277864259,0.0003738365206863471,20.489999771118164
2024-11-06,2024,0.0074312297274883,0.0003738365206863471,16.270000457763672
2024-11-07,2024,0.0037568333092317,0.0003738365206863471,15.199999809265137
2024-11-08,2024,0.0009690634297987,0.0003738365206863471,14.9399995803833
2024-11-11,2024,-0.0028926596513724,0.0003738365206863471,14.970000267028809
2024-11-12,2024,0.0002322277248243,0.0003738365206863471,14.710000038146973
2024-11-13,2024,-0.006049734794859,0.0003738365206863471,14.020000457763672
2024-11-14,2024,-0.0132034898513612,0.0003738365206863471,14.3100004196167
2024-11-15,2024,0.003917814394541,0.0003738365206863471,16.139999389648438
2024-11-18,2024,0.00396358482847,0.0003738365206863471,15.579999923706056
2024-11-19,2024,2.195086225209586e-05,0.0003738365206863471,16.350000381469727
2024-11-20,2024,0.0053404615405816,0.0003738365206863471,17.15999984741211
2024-11-21,2024,0.0034679590949915,0.0003738365206863471,16.8700008392334
2024-11-22,2024,0.0030204803059383,0.0003738365206863471,15.239999771118164
2024-11-25,2024,0.0057220056476303,0.0003738365206863471,14.600000381469728
2024-11-26,2024,-0.00380123801744,0.0003738365206863471,14.100000381469728
2024-11-27,2024,0.0056077854888152,0.0003738365206863471,14.100000381469728
2024-11-29,2024,0.0024484564662998,0.0003738365206863471,13.510000228881836
2024-12-02,2024,0.0004514491145146,0.0003738365206863471,13.34000015258789
2024-12-03,2024,0.0060514179242647,0.0003738365206863471,13.300000190734863
2024-12-04,2024,-0.0018697756269248,0.0003738365206863471,13.449999809265137
2024-12-05,2024,0.0024954538421815,0.0003738365206863471,13.539999961853027
2024-12-06,2024,-0.0061442139272964,0.0003738365206863471,12.770000457763672
2024-12-09,2024,-0.0029638833139443,0.0003738365206863471,14.1899995803833
2024-12-10,2024,0.0081657860482335,0.0003738365206863471,14.18000030517578
2024-12-11,2024,-0.0054140225278102,0.0003738365206863471,13.579999923706056
2024-12-12,2024,-2.6466639124200775e-05,0.0003738365206863471,13.920000076293944
2024-12-13,2024,0.0037993543260221,0.0003738365206863471,13.8100004196167
2024-12-16,2024,-0.0038639949658014,0.0003738365206863471,14.6899995803833
2024-12-17,2024,-0.0294928463516034,0.0003738365206863471,15.869999885559082
2024-12-18,2024,-0.000865112324907,0.0003738365206863471,27.6200008392334
2024-12-19,2024,0.0108691237689104,0.0003738365206863471,24.09000015258789
2024-12-20,2024,0.0072872734685336,0.0003738365206863471,18.36000061035156
2024-12-23,2024,0.0110427592553921,0.0003738365206863471,16.780000686645508
2024-12-24,2024,-0.0004056587864739,0.0003738365206863471,14.270000457763672
2024-12-26,2024,-0.0110557361012355,0.0003738365206863471,14.729999542236328
2024-12-27,2024,-0.0107019957017667,0.0003738365206863471,15.949999809265137
2024-12-30,2024,-0.0042848003949274,0.0003738365206863471,17.399999618530273
2024-12-31,2024,-0.0022238866412221,0.0003738365206863471,17.350000381469727
2025-01-02,2025,0.0125960267214919,0.000495347118206675,17.93000030517578
2025-01-03,2025,0.0055380450854503,0.000495347118206675,16.1299991607666
2025-01-06,2025,-0.0111039128821078,0.000495347118206675,16.040000915527344
2025-01-07,2025,0.0015603601909253,0.000495347118206675,17.81999969482422
2025-01-08,2025,-0.0154116438030668,0.000495347118206675,17.700000762939453
2025-01-10,2025,0.0015754440882007,0.000495347118206675,19.540000915527344
2025-01-13,2025,0.001146279811244,0.000495347118206675,19.190000534057617
2025-01-14,2025,0.0183127922796391,0.000495347118206675,18.709999084472656
2025-01-15,2025,-0.0021126894641922,0.000495347118206675,16.1200008392334
2025-01-16,2025,0.0099910589693537,0.000495347118206675,16.600000381469727
2025-01-17,2025,0.0087682271055828,0.000495347118206675,15.970000267028809
2025-01-21,2025,0.0061379415222275,0.000495347118206675,15.0600004196167
2025-01-22,2025,0.0053134862204113,0.000495347118206675,15.100000381469728
2025-01-23,2025,-0.0028551323193988,0.000495347118206675,15.020000457763672
2025-01-24,2025,-0.0145807156908095,0.000495347118206675,14.850000381469728
2025-01-27,2025,0.0092178694499676,0.000495347118206675,17.899999618530273
2025-01-28,2025,-0.0046788957603215,0.000495347118206675,16.40999984741211
2025-01-29,2025,0.0052754144053117,0.000495347118206675,16.559999465942383
2025-01-30,2025,-0.0050468257540199,0.000495347118206675,15.84000015258789
2025-01-31,2025,-0.0076085976846667,0.000495347118206675,16.43000030517578
2025-02-03,2025,0.0072248818286797,0.000495347118206675,18.6200008392334
2025-02-04,2025,0.0039086729306143,0.000495347118206675,17.209999084472656
2025-02-05,2025,0.0036442987226186,0.000495347118206675,15.770000457763672
2025-02-06,2025,-0.0094647701115428,0.000495347118206675,15.5
2025-02-07,2025,0.0067125410858628,0.000495347118206675,16.540000915527344
2025-02-10,2025,0.0003395827888592,0.000495347118206675,15.8100004196167
2025-02-11,2025,-0.0027238667143857,0.000495347118206675,16.020000457763672
2025-02-12,2025,0.0104262921222306,0.000495347118206675,15.890000343322754
2025-02-13,2025,-7.194380749464546e-05,0.000495347118206675,15.100000381469728
2025-02-14,2025,0.0024449877750611,0.000495347118206675,14.770000457763672
2025-02-18,2025,0.0023769693899173,0.000495347118206675,15.350000381469728
2025-02-19,2025,-0.0043341850761716,0.000495347118206675,15.270000457763672
2025-02-20,2025,-0.0170641267025635,0.000495347118206675,15.65999984741211
2025-02-21,2025,-0.0049691065044024,0.000495347118206675,18.209999084472656
2025-02-24,2025,-0.0046797309154723,0.000495347118206675,18.979999542236328
2025-02-25,2025,0.0001360242800469,0.000495347118206675,19.43000030517578
2025-02-26,2025,-0.0158645536555098,0.000495347118206675,19.100000381469727
2025-02-27,2025,0.0158541446349889,0.000495347118206675,21.1299991607666
2025-02-28,2025,-0.0175967394669998,0.000495347118206675,19.6299991607666
2025-03-03,2025,-0.0122348266022004,0.000495347118206675,22.780000686645508
2025-03-04,2025,0.0111592778931879,0.000495347118206675,23.510000228881836
2025-03-05,2025,-0.0178190070857499,0.000495347118206675,21.93000030517578
2025-03-06,2025,0.005520617802748,0.000495347118206675,24.8700008392334
2025-03-07,2025,-0.0269730913054258,0.000495347118206675,23.3700008392334
2025-03-10,2025,-0.0075678653236531,0.000495347118206675,27.86000061035156
2025-03-11,2025,0.0048868699294464,0.000495347118206675,26.920000076293945
2025-03-12,2025,-0.0138909842068353,0.000495347118206675,24.229999542236328
2025-03-13,2025,0.0212658690830878,0.000495347118206675,24.65999984741211
2025-03-14,2025,0.0064161307191059,0.000495347118206675,21.770000457763672
2025-03-17,2025,-0.0106535121176365,0.000495347118206675,20.510000228881836
2025-03-18,2025,0.0107984955678945,0.000495347118206675,21.700000762939453
2025-03-19,2025,-0.0021848931523151,0.000495347118206675,19.899999618530273
2025-03-20,2025,0.0008246534476661,0.000495347118206675,19.799999237060547
2025-03-21,2025,0.0176460001466336,0.000495347118206675,19.280000686645508
2025-03-24,2025,0.0015743334544251,0.000495347118206675,17.479999542236328
2025-03-25,2025,-0.0111569349226271,0.000495347118206675,17.149999618530273
2025-03-26,2025,-0.0033069808607638,0.000495347118206675,18.329999923706055
2025-03-27,2025,-0.019737220708344,0.000495347118206675,18.690000534057617
2025-03-28,2025,0.0055385215706533,0.000495347118206675,21.649999618530273
2025-03-31,2025,0.0037812354559083,0.000495347118206675,22.280000686645508
2025-04-01,2025,0.0067281947157926,0.000495347118206675,21.770000457763672
2025-04-02,2025,-0.0483956333599014,0.000495347118206675,21.510000228881836
2025-04-03,2025,-0.059749605345531,0.000495347118206675,30.020000457763672
2025-04-04,2025,-0.0023314724921273,0.000495347118206675,45.310001373291016
2025-04-07,2025,-0.0157005245629413,0.000495347118206675,46.97999954223633
2025-04-08,2025,0.0951538764490484,0.000495347118206675,52.33000183105469
2025-04-09,2025,-0.0346075795847269,0.000495347118206675,33.619998931884766
2025-04-10,2025,0.0180920952017089,0.000495347118206675,40.720001220703125
2025-04-11,2025,0.0079447123908689,0.000495347118206675,37.560001373291016
2025-04-14,2025,-0.0017277808903947,0.000495347118206675,30.88999938964844
2025-04-15,2025,-0.0224083715440897,0.000495347118206675,30.1200008392334
2025-04-16,2025,0.0013268380955802,0.000495347118206675,32.63999938964844
2025-04-17,2025,-0.0235674930238275,0.000495347118206675,29.649999618530273
2025-04-21,2025,0.0251172047238952,0.000495347118206675,33.81999969482422
2025-04-22,2025,0.01666113847096,0.000495347118206675,30.56999969482422
2025-04-23,2025,0.0202591137082812,0.000495347118206675,28.450000762939453
2025-04-24,2025,0.0073731334699984,0.000495347118206675,26.469999313354492
2025-04-25,2025,0.0006407067039131,0.000495347118206675,24.84000015258789
2025-04-28,2025,0.005802410694099,0.000495347118206675,25.149999618530273
2025-04-29,2025,0.0014799913597656,0.000495347118206675,24.170000076293945
2025-04-30,2025,0.0062991021385856,0.000495347118206675,24.700000762939453
2025-05-01,2025,0.0147265741296347,0.000495347118206675,24.600000381469727
2025-05-02,2025,-0.0063815975889338,0.000495347118206675,22.68000030517578
2025-05-05,2025,-0.0076932396518555,0.000495347118206675,23.63999938964844
2025-05-06,2025,0.0043463562331358,0.000495347118206675,24.760000228881836
2025-05-07,2025,0.0057997750948355,0.000495347118206675,23.549999237060547
2025-05-08,2025,-0.0007114809122162,0.000495347118206675,22.479999542236328
2025-05-09,2025,0.0325587827490083,0.000495347118206675,21.899999618530273
2025-05-12,2025,0.0072482009835321,0.000495347118206675,18.38999938964844
2025-05-13,2025,0.0010244155978598,0.000495347118206675,18.219999313354492
2025-05-14,2025,0.0041323320741357,0.000495347118206675,18.6200008392334
2025-05-15,2025,0.0070052722948985,0.000495347118206675,17.829999923706055
2025-05-16,2025,0.0008761131291423,0.000495347118206675,17.239999771118164
2025-05-19,2025,-0.0038802294486252,0.000495347118206675,18.13999938964844
2025-05-20,2025,-0.0161351306610142,0.000495347118206675,18.09000015258789
2025-05-21,2025,-0.0004448710379429,0.000495347118206675,20.8700008392334
2025-05-22,2025,-0.0067082978253216,0.000495347118206675,20.280000686645508
2025-05-23,2025,0.0204590558452733,0.000495347118206675,22.290000915527344
2025-05-27,2025,-0.0055712254172688,0.000495347118206675,18.959999084472656
2025-05-28,2025,0.0040111942619043,0.000495347118206675,19.309999465942383
2025-05-29,2025,-8.118516130162234e-05,0.000495347118206675,19.18000030517578
2025-05-30,2025,0.0041020419271569,0.000495347118206675,18.56999969482422
2025-06-02,2025,0.0058002904546055,0.000495347118206675,18.36000061035156
2025-06-03,2025,7.36874595066439e-05,0.000495347118206675,17.690000534057617
2025-06-04,2025,-0.0052773834030941,0.000495347118206675,17.610000610351562
2025-06-05,2025,0.0102806830100679,0.000495347118206675,18.479999542236328
2025-06-06,2025,0.0009199480792858,0.000495347118206675,16.770000457763672
2025-06-09,2025,0.0054829894076784,0.000495347118206675,17.15999984741211
2025-06-10,2025,-0.0027438889546078,0.000495347118206675,16.950000762939453
2025-06-11,2025,0.0038224199557175,0.000495347118206675,17.260000228881836
2025-06-12,2025,-0.0112963798792506,0.000495347118206675,18.020000457763672
2025-06-13,2025,0.0093926598961591,0.000495347118206675,20.81999969482422
2025-06-16,2025,-0.0083521847901663,0.000495347118206675,19.11000061035156
2025-06-17,2025,-0.000309240210107,0.000495347118206675,21.600000381469727
2025-06-18,2025,-0.0021786584865058,0.000495347118206675,20.13999938964844
2025-06-20,2025,0.0096065041331563,0.000495347118206675,20.6200008392334
2025-06-23,2025,0.0111217201797018,0.000495347118206675,19.829999923706055
2025-06-24,2025,-3.2861029504172024e-06,0.000495347118206675,17.479999542236328
2025-06-25,2025,0.0080201212752302,0.000495347118206675,16.760000228881836
2025-06-26,2025,0.0052189708852221,0.000495347118206675,16.59000015258789
2025-06-27,2025,0.0051644274245326,0.000495347118206675,16.31999969482422
2025-06-30,2025,-0.0011185310871218,0.000495347118206675,16.729999542236328
2025-07-01,2025,0.004745096791088,0.000495347118206675,16.829999923706055
2025-07-02,2025,0.0083389552066073,0.000495347118206675,16.639999389648438
2025-07-03,2025,-0.0078622972791287,0.000495347118206675,16.3799991607666
2025-07-07,2025,-0.0007158868810946,0.000495347118206675,17.790000915527344
2025-07-08,2025,0.0060621034026635,0.000495347118206675,16.809999465942383
2025-07-09,2025,0.0027462050044453,0.000495347118206675,15.9399995803833
2025-07-10,2025,-0.0032975229626984,0.000495347118206675,15.779999732971191
2025-07-11,2025,0.0014074138094573,0.000495347118206675,16.399999618530273
2025-07-14,2025,-0.0039562982147312,0.000495347118206675,17.200000762939453
2025-07-15,2025,0.0031936574173276,0.000495347118206675,17.3799991607666
2025-07-16,2025,0.0053737674089093,0.000495347118206675,17.15999984741211
2025-07-17,2025,-9.048620868445932e-05,0.000495347118206675,16.520000457763672
2025-07-18,2025,0.0013991348828683,0.000495347118206675,16.40999984741211
2025-07-21,2025,0.0006375316336257,0.000495347118206675,16.649999618530273
2025-07-22,2025,0.0078118869515191,0.000495347118206675,16.5
2025-07-23,2025,0.0006982236416543,0.000495347118206675,15.369999885559082
2025-07-24,2025,0.0039743277792958,0.000495347118206675,15.390000343322754
2025-07-25,2025,0.0001768581088181,0.000495347118206675,14.93000030517578
2025-07-28,2025,-0.0029594423887242,0.000495347118206675,15.029999732971191
2025-07-29,2025,-0.0012494327466496,0.000495347118206675,15.979999542236328
2025-07-30,2025,-0.003694819341153,0.000495347118206675,15.479999542236328
2025-07-31,2025,-0.0159921331401484,0.000495347118206675,16.719999313354492
2025-08-01,2025,0.014737100330916,0.000495347118206675,20.3799991607666
2025-08-04,2025,-0.0048578659963033,0.000495347118206675,17.520000457763672
2025-08-05,2025,0.0072819072950924,0.000495347118206675,17.850000381469727
2025-08-06,2025,-0.0007974800154801,0.000495347118206675,16.770000457763672
2025-08-07,2025,0.0077997153489748,0.000495347118206675,16.56999969482422
2025-08-08,2025,-0.0025041278217863,0.000495347118206675,15.149999618530272
2025-08-11,2025,0.0113454358466127,0.000495347118206675,16.25
2025-08-12,2025,0.0032300788824048,0.000495347118206675,14.729999542236328
2025-08-13,2025,0.0003030908012924,0.000495347118206675,14.489999771118164
2025-08-14,2025,-0.0028971350972291,0.000495347118206675,14.829999923706056
2025-08-15,2025,-0.0001007631807854,0.000495347118206675,15.09000015258789
2025-08-18,2025,-0.0058581031187567,0.000495347118206675,14.989999771118164
2025-08-19,2025,-0.0024316693228262,0.000495347118206675,15.56999969482422
2025-08-20,2025,-0.0040041815293089,0.000495347118206675,15.6899995803833
2025-08-21,2025,0.0151864448768934,0.000495347118206675,16.600000381469727
2025-08-22,2025,-0.0042663855480634,0.000495347118206675,14.220000267028809
2025-08-25,2025,0.0041339951911349,0.000495347118206675,14.789999961853027
2025-08-26,2025,0.0023909843081744,0.000495347118206675,14.619999885559082
2025-08-27,2025,0.0031567194195349,0.000495347118206675,14.850000381469728
2025-08-28,2025,-0.0063981842935716,0.000495347118206675,14.43000030517578
2025-08-29,2025,-0.0069222799368615,0.000495347118206675,15.359999656677246
2025-09-02,2025,0.0051000736279842,0.000495347118206675,17.170000076293945
2025-09-03,2025,0.0083464864096993,0.000495347118206675,16.350000381469727
2025-09-04,2025,-0.0031651529783888,0.000495347118206675,15.300000190734863
2025-09-05,2025,0.0021059789159529,0.000495347118206675,15.18000030517578
2025-09-08,2025,0.0026881536531127,0.000495347118206675,15.109999656677246
2025-09-09,2025,0.0029834699435626,0.000495347118206675,15.039999961853027
2025-09-10,2025,0.0084858903879598,0.000495347118206675,15.350000381469728
2025-09-11,2025,-0.0004827613146674,0.000495347118206675,14.710000038146973
2025-09-12,2025,0.0047066192269626,0.000495347118206675,14.760000228881836
2025-09-15,2025,-0.0012879303382402,0.000495347118206675,15.6899995803833
2025-09-16,2025,-0.0009701681605103,0.000495347118206675,16.360000610351562
2025-09-17,2025,0.0047891191851283,0.000495347118206675,15.720000267028809
2025-09-18,2025,0.0048854188708296,0.000495347118206675,15.699999809265137
2025-09-19,2025,0.004410046474333,0.000495347118206675,15.449999809265137
2025-09-22,2025,-0.0055021591970121,0.000495347118206675,16.100000381469727
2025-09-23,2025,-0.0028466178433332,0.000495347118206675,16.639999389648438
2025-09-24,2025,-0.0050090613431266,0.000495347118206675,16.18000030517578
2025-09-25,2025,0.0059018367471712,0.000495347118206675,16.739999771118164
2025-09-26,2025,0.0026355442163621,0.000495347118206675,15.289999961853027
2025-09-29,2025,0.0040908483833717,0.000495347118206675,16.1200008392334
2025-09-30,2025,0.0033999208349619,0.000495347118206675,16.280000686645508
2025-10-01,2025,0.0006183547238911,0.000495347118206675,16.290000915527344
2025-10-02,2025,6.551280273581206e-05,0.000495347118206675,16.6299991607666
2025-10-03,2025,0.0036465919796933,0.000495347118206675,16.649999618530273
2025-10-06,2025,-0.0038114057910215,0.000495347118206675,16.3700008392334
2025-10-07,2025,0.005827663640568,0.000495347118206675,17.239999771118164
2025-10-08,2025,-0.0027555704071953,0.000495347118206675,16.299999237060547
2025-10-09,2025,-0.0271116732114136,0.000495347118206675,16.43000030517578
2025-10-10,2025,0.0155986717875575,0.000495347118206675,21.65999984741211
2025-10-13,2025,-0.0015643266604626,0.000495347118206675,19.030000686645508
2025-10-14,2025,0.0040260011595036,0.000495347118206675,20.809999465942383
2025-10-15,2025,-0.0062943870998294,0.000495347118206675,20.63999938964844
2025-10-16,2025,0.0052707155502571,0.000495347118206675,25.309999465942383
2025-10-17,2025,0.0106722708532569,0.000495347118206675,20.780000686645508
2025-10-20,2025,3.2696450934288634e-05,0.000495347118206675,18.229999542236328
2025-10-21,2025,-0.0053375392208654,0.000495347118206675,17.8700008392334
2025-10-22,2025,0.0058273934429324,0.000495347118206675,18.600000381469727
2025-10-23,2025,0.0079024225878738,0.000495347118206675,17.299999237060547
2025-10-24,2025,0.0122900508656711,0.000495347118206675,16.3700008392334
2025-10-27,2025,0.0022879438603986,0.000495347118206675,15.789999961853027
2025-10-28,2025,-4.3578255173426506e-05,0.000495347118206675,16.420000076293945
2025-10-29,2025,-0.0099048124395192,0.000495347118206675,16.920000076293945
2025-10-30,2025,0.0026179217059763,0.000495347118206675,16.90999984741211
2025-10-31,2025,0.0017207127269924,0.000495347118206675,17.440000534057617
2025-11-03,2025,-0.0117368300845838,0.000495347118206675,17.170000076293945
2025-11-04,2025,0.0036535556982648,0.000495347118206675,19.0
2025-11-05,2025,-0.011178189042419,0.000495347118206675,18.010000228881836
2025-11-06,2025,0.001261841800771,0.000495347118206675,19.5
2025-11-07,2025,0.0154010186217099,0.000495347118206675,19.079999923706055
2025-11-10,2025,0.0020753505173405,0.000495347118206675,17.600000381469727
2025-11-11,2025,0.0006295171887717,0.000495347118206675,17.280000686645508
2025-11-12,2025,-0.0165568549615969,0.000495347118206675,17.510000228881836
2025-11-13,2025,-0.0005017255648851,0.000495347118206675,20.0
2025-11-14,2025,-0.0091622661768078,0.000495347118206675,19.829999923706055
2025-11-17,2025,-0.0082564366909679,0.000495347118206675,22.3799991607666
2025-11-18,2025,0.0037538357962292,0.000495347118206675,24.690000534057617
2025-11-19,2025,-0.0155672835632704,0.000495347118206675,23.65999984741211
2025-11-20,2025,0.0098230354153194,0.000495347118206675,26.420000076293945
2025-11-21,2025,0.0154672170012934,0.000495347118206675,23.43000030517578
2025-11-24,2025,0.0090616968172205,0.000495347118206675,20.520000457763672
2025-11-25,2025,0.0069067115110126,0.000495347118206675,18.559999465942383
2025-11-26,2025,0.0053547731634202,0.000495347118206675,17.190000534057617
2025-11-28,2025,-0.0053233293429156,0.000495347118206675,16.350000381469727
2025-12-01,2025,0.0024572352619998,0.000495347118206675,17.239999771118164
2025-12-02,2025,0.0029797912994984,0.000495347118206675,16.59000015258789
2025-12-03,2025,0.0010803218396737,0.000495347118206675,16.079999923706055
2025-12-04,2025,0.001936641757662,0.000495347118206675,15.779999732971191
2025-12-05,2025,-0.003477255626794,0.000495347118206675,15.40999984741211
2025-12-08,2025,-0.0008763589340257,0.000495347118206675,16.65999984741211
2025-12-09,2025,0.0067495569392015,0.000495347118206675,16.93000030517578
2025-12-10,2025,0.0020793508415142,0.000495347118206675,15.770000457763672
2025-12-11,2025,-0.010663649289958,0.000495347118206675,14.850000381469728
2025-12-12,2025,-0.0015965630269072,0.000495347118206675,15.739999771118164
2025-12-15,2025,-0.0023839179519623,0.000495347118206675,16.5
2025-12-16,2025,-0.0115921439122413,0.000495347118206675,16.479999542236328
2025-12-17,2025,0.0079342622699418,0.000495347118206675,17.6200008392334
2025-12-18,2025,0.0088180594503322,0.000495347118206675,16.8700008392334
2025-12-19,2025,0.0064364963603775,0.000495347118206675,14.90999984741211
2025-12-22,2025,0.0045503887657032,0.000495347118206675,14.079999923706056
2025-12-23,2025,0.0032214822012188,0.000495347118206675,14.0
2025-12-24,2025,-0.0003043635491226,0.000495347118206675,13.470000267028809
2025-12-26,2025,-0.0034920514803681,0.000495347118206675,13.600000381469728
2025-12-29,2025,-0.0013756671519022,0.000495347118206675,14.199999809265137
2025-12-30,2025,-0.0073576663008461,0.000495347118206675,14.329999923706056
2025-12-31,2025,0.0018947067188299,0.000495347118206675,14.949999809265137
2026-01-02,2026,0.0063541268648263,0.0006865818298555889,14.510000228881836
2026-01-05,2026,0.0061967126783413,0.0009186682165966166,14.899999618530272
2026-01-06,2026,-0.0034399234310139,0.00029114053565146026,14.75
2026-01-07,2026,7.65482590914246e-05,0.00021055149963600744,15.380000114440918
2026-01-08,2026,0.0064754870318832,0.00020327679481161562,15.449999809265137
2026-01-09,2026,0.0015776332151369,0.0006193624238657481,14.489999771118164
2026-01-12,2026,-0.0019391230550597,0.0004725617005871026,15.119999885559082
2026-01-13,2026,-0.0053333604454995,0.00016405615025399673,15.979999542236328
2026-01-14,2026,0.0025799262171273,0.0006329315652325955,16.75
2026-01-15,2026,-0.0006423023039563,0.0006835830662847558,15.84000015258789
2026-01-16,2026,-0.0206267580562774,0.000929900227518019,15.859999656677246
2026-01-20,2026,0.0115877413232745,0.0009907065655479282,20.09000015258789
2026-01-21,2026,0.0054875021926288,0.000489001064794685,16.899999618530273
2026-01-22,2026,0.0003268698377891,0.0017932160770216025,15.640000343322754
2026-01-23,2026,0.0050060830312763,-0.00018443429255805507,16.09000015258789
2026-01-26,2026,0.0040818961771371,6.297720357575866e-05,16.149999618530273
2026-01-27,2026,-8.172305219089626e-05,0.0004884539976532354,16.350000381469727
2026-01-28,2026,-0.0012926312740076,0.00016670097069745605,16.350000381469727
2026-01-29,2026,-0.0043018996208942,0.00030264889324382584,16.8799991607666
2026-01-30,2026,0.0053912661291679,0.0007063537196240564,17.440000534057617
2026-02-02,2026,-0.0084039830206983,0.0005386504864684184,16.34000015258789
2026-02-03,2026,-0.0050723919062231,0.0010551283250853645,18.0
2026-02-04,2026,-0.0122510155676747,0.00044171665380004577,18.63999938964844
2026-02-05,2026,0.0196957966973359,0.001527547910207548,21.770000457763672
2026-02-06,2026,0.0046910867168872,0.000550080222690785,20.3700008392334
2026-02-09,2026,-0.0033037129754581,0.0011592576495012118,17.360000610351562
2026-02-10,2026,-4.895607156218951e-05,-0.0006136086469697411,17.790000915527344
2026-02-11,2026,-0.0156610121277019,0.00026705965465174134,17.649999618530273
2026-02-12,2026,0.0004990891480125,0.0012625865173274023,20.81999969482422
2026-02-13,2026,0.0010313220779065,0.0006268785534842792,20.600000381469727
2026-02-17,2026,0.0055660701474107,0.0016130484268508127,20.290000915527344
2026-02-18,2026,-0.0028221256867719,0.0004758646026438477,19.6200008392334
2026-02-19,2026,0.0069397247635067,0.0005668131682670801,20.229999542236328
2026-02-20,2026,-0.0103856522472848,0.00011518975233736154,19.09000015258789
2026-02-23,2026,0.0076516140863223,0.0009962584117134154,21.010000228881836
2026-02-24,2026,0.0081363556573399,-6.861543812933528e-06,19.549999237060547
2026-02-25,2026,-0.0053655805693283,0.0009826994081283836,17.93000030517578
2026-02-26,2026,-0.0043393528110311,0.00019369309124881714,18.6299991607666
2026-02-27,2026,0.0003983547353176,0.00014491116194530836,19.86000061035156
2026-03-02,2026,-0.0094440310956254,0.0009907197223080612,21.440000534057617
2026-03-03,2026,0.0077560492642863,0.0011215103431457443,23.56999969482422
2026-03-04,2026,-0.005646704863891,0.00041024194299352397,21.149999618530273
2026-03-05,2026,-0.0132767958125692,0.0013610013762293766,23.75
2026-03-06,2026,0.0083041615131052,0.0005179761173780321,29.489999771118164
2026-03-09,2026,-0.0021351198877325,0.0008386689521343365,25.5
2026-03-10,2026,-0.0008376012017449,0.001556262420898528,24.93000030517578
2026-03-11,2026,-0.0152276765067085,8.795431845788832e-05,24.229999542236328
2026-03-12,2026,-0.0060591154705643,0.0011653302911502383,27.290000915527344
2026-03-13,2026,0.0101308831622519,0.0009983001800960923,27.190000534057617
2026-03-16,2026,0.0024942548757938,0.001381375591881306,23.510000228881836
2026-03-17,2026,-0.0136075678800734,0.000931528156065323,22.3700008392334
2026-03-18,2026,-0.0027487977418789,0.0002948597430885374,25.09000015258789
2026-03-19,2026,-0.0151381823567792,0.0006412341557377988,24.059999465942383
2026-03-20,2026,0.0114532004639904,0.0019704877135167144,26.780000686645508
2026-03-23,2026,-0.0037425745042546,0.000595611679097809,26.149999618530273
2026-03-24,2026,0.0054191243815093,0.001658938838864258,26.950000762939453
2026-03-25,2026,-0.0174061723924167,-0.00018393206210375913,25.329999923706055
2026-03-26,2026,-0.0167218435210743,0.001266570923110747,27.440000534057617
2026-03-27,2026,-0.0039457488286226,0.0008823580395026921,31.049999237060547
2026-03-30,2026,0.0291311404710259,0.001962915560750989,30.61000061035156
2026-03-31,2026,0.0071685166848673,0.0010607052875337157,25.25
2026-04-01,2026,0.0011208758485563,0.000507278167964389,24.540000915527344
2026-04-02,2026,0.0044267825126402,-0.0013774837896835643,23.8700008392334
2026-04-06,2026,0.0007592481161695,-4.3726245282215553e-05,24.170000076293945
2026-04-07,2026,0.0250814146441498,0.0004290802592848696,25.780000686645508
2026-04-08,2026,0.0061700235292931,-0.0005322777165838218,21.040000915527344
2026-04-09,2026,-0.0011385210916523,0.00012515883245379274,19.489999771118164
2026-04-10,2026,0.0101732749487482,-0.0011596174942920215,19.229999542236328
2026-04-13,2026,0.0117828663647927,-0.000220068573170442,19.1200008392334
2026-04-14,2026,0.0079757833553877,0.00021646201596088442,18.36000061035156
2026-04-15,2026,0.0026099558353673,-0.0005322589301818934,18.170000076293945
2026-04-16,2026,0.0120404636691509,-0.0004237690686027879,17.940000534057617
2026-04-17,2026,-0.0023743726176704,-0.0003534515096160957,17.479999542236328
2026-04-20,2026,-0.0063482179596729,0.0002862093062236527,18.8700008392334
2026-04-21,2026,0.0104600841689539,-0.00012322957459408312,19.5
2026-04-22,2026,-0.0041328682670813,0.00043219262055627073,18.920000076293945
2026-04-23,2026,0.0079736897979756,0.0010341651596642765,19.309999465942383
2026-04-24,2026,0.0012323767534654,-0.0003430175405595813,18.709999084472656
2026-04-27,2026,-0.0048941721875219,0.0007532070791257225,18.020000457763672
2026-04-28,2026,-0.0003991720531409,0.00020145332687960881,17.829999923706055
2026-04-29,2026,0.0102382399418219,0.00048158997066267024,18.809999465942383
2026-04-30,2026,0.0029283288896571,0.0006593198224714471,16.889999389648438
2026-05-01,2026,-0.0040621893843342,0.00044462707180704063,16.989999771118164
2026-05-04,2026,0.0081200173376037,-2.6111750486131676e-05,18.290000915527344
2026-05-05,2026,0.0145883303177942,0.00019063003733531698,17.3799991607666
2026-05-06,2026,-0.0038030953277848,0.0003952550142294538,17.389999389648438
2026-05-07,2026,0.0084257035334009,-9.64673817657009e-06,17.079999923706055
2026-05-08,2026,0.0018799566475542,-0.0006458233422932979,17.190000534057617
2026-05-11,2026,-0.0016026088601545,0.0006921280290010316,18.3799991607666
2026-05-12,2026,0.0058492464884265,2.5179854083377763e-06,17.989999771118164
2026-05-13,2026,0.0076556045773583,0.00021959868738122268,17.8700008392334
2026-05-14,2026,-0.0123633201280517,0.0004482245219938251,17.260000228881836
2026-05-15,2026,-0.0007356678561787,0.00042792001412733546,18.43000030517578
2026-05-18,2026,-0.0066783207881359,0.00014758446957805485,17.81999969482422
2026-05-19,2026,0.0107920263704455,0.001598318757548819,18.059999465942383
2026-05-20,2026,0.0017153304306989,0.00041255837389801285,17.440000534057617
2026-05-21,2026,0.0037269732409066,0.0008988246093754133,16.760000228881836
2026-05-22,2026,0.0061082604240638,-0.0001786408416100968,16.700000762939453
2026-05-26,2026,0.0001648791446908,0.0002551884272489064,17.010000228881836
2026-05-27,2026,0.0057537166196686,0.00029886233493167853,16.290000915527344
2026-05-28,2026,0.0021722606785117,-4.158299156202397e-05,15.739999771118164
2026-05-29,2026,0.0026252961308912,0.0004414757386171585,15.31999969482422
2026-06-01,2026,0.0012920889411551,8.712027036608585e-05,16.049999237060547
2026-06-02,2026,-0.0073720411048462,0.0003345639746268065,15.770000457763672
2026-06-03,2026,0.0040549615683631,0.0005836126516121761,16.059999465942383
2026-06-04,2026,-0.0264453618943868,0.00041152882069761467,15.399999618530272
2026-06-05,2026,0.0029781310549599,0.0017577626229312705,21.510000228881836
2026-06-08,2026,-0.0025763939780845,0.0004519081342707418,18.920000076293945
2026-06-09,2026,-0.0161994502989484,0.0024363885377868934,19.8700008392334
2026-06-10,2026,0.0175188855642447,0.0009734395005139342,22.219999313354492
2026-06-11,2026,0.005025513873057,0.000424253085533368,19.440000534057617
2026-06-12,2026,0.0165283912946634,0.0015632113505482667,17.68000030517578
2026-06-15,2026,-0.0056841796097597,-0.0010297900159352742,16.200000762939453
2026-06-16,2026,-0.0121482821082288,0.0002402286161769945,16.40999984741211
2026-06-17,2026,0.0108462122356234,-0.00012014648103330066,18.440000534057617
2026-06-18,2026,-0.0037050519790526,0.0006416372058540898,16.399999618530273
2026-06-22,2026,-0.0143627851932081,0.0014177038183774964,17.280000686645508
2026-06-23,2026,-0.0009829319733113,0.00024159942727649587,19.489999771118164
2026-06-24,2026,-9.92061187945481e-05,0.0009729472611128254,18.6299991607666
2026-06-25,2026,-0.0004716574175711,0.001646012095463169,18.88999938964844
2026-06-26,2026,0.011750057250389,0.000681216300235947,18.40999984741211
2026-06-29,2026,0.0079201989814805,0.00032281285905579494,17.649999618530273
2026-06-30,2026,-0.002150834618762,0.0003952250381256513,16.450000762939453
2026-07-01,2026,1.3702513856905796e-06,-0.00020569646940134842,16.59000015258789
2026-07-02,2026,0.0072415076502987,2.773458520942862e-05,16.149999618530273
2026-07-06,2026,-0.0044551096782159,0.0005108491286772612,15.56999969482422
2026-07-07,2026,-0.0028172386766298,0.0006023670554422065,16.1299991607666
2026-07-08,2026,0.0081427953374282,0.00016855864272168476,16.899999618530273
2026-07-09,2026,0.0042088433998139,0.0006806656967860075,15.84000015258789
2026-07-10,2026,-0.0079270231479801,0.0006152794388971341,15.029999732971191
2026-07-13,2026,0.0037589783811964,0.00019527433198481106,17.15999984741211
2026-07-14,2026,0.0038191443583879,0.0002565817749986502,16.5
2026-07-15,2026,-0.0051014055399456,0.0009943332292567456,15.670000076293944
2026-07-16,2026,-0.0100985400307898,0.0004296562079326975,16.729999542236328
2026-07-17,2026,-0.001932254674466,0.0006168411529677508,18.770000457763672
2026-07-20,2026,0.008856366018608,0.0010910324098032296,18.649999618530273
2026-07-21,2026,-0.0013636917526039,0.001059230163233211,17.049999237060547
2026-07-22,2026,-0.0120896973343308,0.0007177905017043537,16.639999389648438
2026-07-23,2026,0.0004967638835191,0.0003661378570746347,18.700000762939453
2026-07-24,2026,0.0001619264104413,0.0007845077365456239,18.579999923706055
2026-07-27,2026,0.0021043073289872,0.001421810947112064,18.670000076293945
2026-07-28,2026,-0.0151612897501081,0.000510263114415089,18.209999084472656
2026-07-29,2026,0.0166043591356477,0.0009931485678078614,20.65999984741211
2026-07-30,2026,0.0070036198159879,0.0001757925782614765,17.09000015258789
2026-07-31,2026,0.0147909110058206,0.001307757232276845,15.989999771118164
2026-08-03,2026,0.0178961936097954,-0.0009417890664876565,15.859999656677246
2026-08-04,2026,-0.0016764921193257,-0.0005341783239509706,16.5
2026-08-05,2026,-0.001759533387323,-0.00048679345517634053,15.8100004196167
2026-08-06,2026,0.006184231308959,-0.0007082026114817927,15.149999618530272
2026-08-07,2026,-0.0005839757139619,0.0004342185514773502,14.899999618530272
2026-08-10,2026,-0.003212861472107,0.0005990756865072676,15.460000038146973
2026-08-11,2026,0.0026267182752088,0.0001733715029192412,15.279999732971191
2026-08-12,2026,0.0065161301380911,0.0005631720028305194,14.550000190734863
2026-08-13,2026,-0.0016964335577297,0.0006153503065640817,14.630000114440918
2026-08-14,2026,-0.0052274547708167,0.0003866057042949104,14.25
2026-08-17,2026,-0.0068818437256157,0.0002950165649071234,15.1899995803833
2026-08-18,2026,0.0021087781389428,0.0009234582664296115,15.84000015258789
2026-08-19,2026,-0.0086689151227772,0.0009340969958255902,14.890000343322754
2026-08-20,2026,0.0043461935437036,0.0012727288673124713,16.010000228881836
2026-08-21,2026,-0.002802868975276,0.00043687545229860594,15.130000114440918
2026-08-24,2026,0.0031909537494823,0.0012533543976995924,15.850000381469728
2026-08-25,2026,-0.0002057486359692,0.00029423917668584625,15.449999809265137
2026-08-26,2026,0.0072032567265023,0.000753863118087868,15.210000038146973
2026-08-27,2026,-0.002487452210778,0.00023086587575788366,14.510000228881836
2026-08-28,2026,-0.0033221508040809,0.0005953352102691804,14.43000030517578
2026-08-31,2026,-0.0071127927545617,0.0002183169317070536,14.920000076293944
2026-09-01,2026,0.0046032916100713,0.0009434321121262754,16.34000015258789
2026-09-02,2026,0.0105796392466128,0.000752883290059429,15.199999809265137
2026-09-03,2026,-0.0037572216084515,0.0007423191983986104,14.31999969482422
2026-09-04,2026,-0.0058404474327784,0.00033620503516520463,14.529999732971191
2026-09-08,2026,-0.0048426479836394,6.152742882158785e-05,15.720000267028809
2026-09-09,2026,-0.0058482927426576,0.0010152389874605802,16.459999084472656
2026-09-10,2026,0.0085988360283981,0.0011734095080523834,17.84000015258789
2026-09-11,2026,-0.0048321923388043,0.000715371755872666,15.84000015258789
2026-09-14,2026,-0.0044947624649656,0.00109837657331465,17.100000381469727
2026-09-15,2026,-0.0044715435379765,0.0002167816996397773,17.200000762939453
2026-09-16,2026,0.0113813385617984,0.0010767510137229853,17.709999084472656
2026-09-17,2026,0.0016680590599797,0.0006694953119113832,15.4399995803833
2026-09-18,2026,0.0149271544751976,0.0007535763525096703,14.8100004196167
2026-09-21,2026,-7.734824557181774e-06,-0.0005579412515343521,14.869999885559082
