test_year,Model,RMSE,MAE,Direction %,Skill vs naive
2024,Naive (return = 0),0.007992811923689835,0.00593028497838822,,0.0
2024,Moving average (5-day),0.008892390619327289,0.006653991153433312,52.38095238095239,-0.1125484628221014
2024,ARIMA,0.007960465041813818,0.005891598933192731,56.74603174603175,0.004046996499460276
2024,Naive Bayes (up/down),,,53.96825396825397,
2024,Always 'up' (direction benchmark),,,56.74603174603175,
2025,Naive (return = 0),0.011808572031975469,0.007343969718529558,,0.0
2025,Moving average (5-day),0.01325731389926545,0.00812506661605691,50.4,-0.12268561036567771
2025,ARIMA,0.011789891089568719,0.007283433996698516,57.99999999999999,0.0015819814924417086
2025,Naive Bayes (up/down),,,51.6,
2025,Always 'up' (direction benchmark),,,57.99999999999999,
2026,Naive (return = 0),0.008398832246927982,0.0064208634011612324,,0.0
2026,Moving average (5-day),0.009007766548680494,0.007019307573148634,46.666666666666664,-0.07250225791510956
2026,ARIMA,0.008382477944948305,0.0064427128560923695,45.0,0.0019472114097360826
2026,Naive Bayes (up/down),,,46.666666666666664,
2026,Always 'up' (direction benchmark),,,52.22222222222223,
